[
{"title": "Virginia mom who survived Maoist China eviscerates school board's critical race theory push", "time": "06/2021"},
{"title": "Biden says US 'not seeking conflict' with Russia as Putin meeting looms", "time": "06/2021"},
{"title": "Meghan Markle's relative talks family divide: 'We won't ever talk again'", "time": "06/2021"},
{"title": "Kim Jong Un\u2019s apparent weight loss sparks speculation over health", "time": "06/2021"},
{"title": "British podcaster calls out anti-Semitism hypocrisy, says Jews hear silence 'like a f---ing thunderclap'", "time": "06/2021"},
{"title": "US officials work to stop Iranian vessels carrying arms to Venezuela, Cuba", "time": "06/2021"},
{"title": "Landmine-sniffing rat Magawa retires after years of brave work in Cambodia", "time": "06/2021"},
{"title": "Tammy Bruce: Federal Request to fly gay pride flags at courthouses 'reinforces tribalism'", "time": "06/2021"},
{"title": "Bella Hadid shares 1939 photo of 'Palestine' soccer team entirely made of Jewish players", "time": "06/2021"},
{"title": "New York City's message to Kim Jong Un honoring Otto Warmbier", "time": "06/2021"},
{"title": "Israeli airstrikes in Syria kill 11 fighters, target Hezbollah arms depot, reports say", "time": "06/2021"},
{"title": "Palestinian NGOs funded by US introduced kids to terrorists, watchdog finds", "time": "06/2021"},
{"title": "Ilhan Omar slammed by fellow House Dem for 'outrageous and clearly false' statements about US, Israel", "time": "06/2021"},
{"title": "South African honeybee has cloned itself millions of times, study says", "time": "06/2021"},
{"title": "Biden waiving Nord Stream 2 pipeline sanctions puts US at 'competitive disadvantage': GOP leader McCarthy", "time": "06/2021"},
{"title": "Biden asking for \u20189/11 style attack\u2019 by not responding \u2018forcefully\u2019 to Russian cyberattacks: Kirk Lippold", "time": "06/2021"},
{"title": "Meghan Markle, Prince Harry introduced Lilibet Diana to Queen Elizabeth during a video call, source claims", "time": "06/2021"},
{"title": "China confirms first human case of H10N3 bird flu: report", "time": "06/2021"},
{"title": "Associated Press bosses admit to staff 'mistakes' were made in ousting of Emily Wilder: report", "time": "05/2021"},
{"title": "Prince Harry's childhood photos debunk his claim he 'never' could ride bikes as young royal family member", "time": "05/2021"},
{"title": "UN tours Gaza destruction, Israel and Palestinians claim victory during cease-fire", "time": "05/2021"},
{"title": "Associated Press staffers 'strongly disapprove' handling of Emily Wilder, demand clarity over her firing", "time": "05/2021"},
{"title": "Senate GOP pushes bill to reinforce Israel's 'Iron Dome'", "time": "05/2021"},
{"title": "Kamala Harris wipes hand after greeting South Korean leader, faces Twitter backlash", "time": "05/2021"},
{"title": "AP claps back at staffer fired over anti-Semitic tweets, journalists 'cannot take sides in public forums'", "time": "05/2021"},
{"title": "Prince Harry's 'The Me You Can't See' docuseries: 6 shocking things we learned", "time": "05/2021"},
{"title": "Worshipers at synagogue threatened by men screaming anti-Semitic slurs", "time": "05/2021"},
{"title": "Netanyahu adviser Mark Regev says Hamas should 'think twice' before breaking cease-fire", "time": "05/2021"},
{"title": "BBC director during explosive 1995 interview with Princess Diana steps down from current role", "time": "05/2021"},
{"title": "Queen Elizabeth II \u2018upset' by Prince Harry's comments about the royal family in recent interviews: report", "time": "05/2021"},
{"title": "Pfizer COVID vaccine effective against India variant: Britain health body", "time": "05/2021"},
{"title": "LIVE UPDATES: Hamas holds defiant military parade, top leader appears", "time": "05/2021"},
{"title": "Biden administration stresses need for 'equal' peace between Israel, Palestinians", "time": "05/2021"},
{"title": "Bernie Sanders calls Hamas a 'terrorist group' but says Israeli government has 'overt racists'", "time": "05/2021"},
{"title": "Italian cable car plunges to the ground, killing at least 9", "time": "05/2021"},
{"title": "NYPD investigates more anti-Semitic attacks after Jewish teens beaten, synagogue worshippers harassed", "time": "05/2021"},
{"title": "NYT's Peter Baker scorched for comparing Israel's swift rebound to Gaza's delayed return to 'normalcy'", "time": "05/2021"},
{"title": "Dems who don't support Israel 'don't really have understanding' of the conflict, says colleague", "time": "05/2021"},
{"title": "No court decision on Suez Canal\u2019s claims over massive vessel that blocked waterway", "time": "05/2021"},
{"title": "IDF spokesperson on rocket attacks: Iran had 'hands on involvement on the ground'", "time": "05/2021"},
{"title": "Congo volcano's lava flows short of Goma; 5 dead in crash", "time": "05/2021"},
{"title": "Martin Bashir 'deeply sorry' about Princess Diana BBC interview, but denies direct harm", "time": "05/2021"},
{"title": "Prominent BLM activist in critical condition after she was shot in the head: reports", "time": "05/2021"},
{"title": "US condemns Belarus regime over \u2018shocking act\u2019 to divert commercial flight", "time": "05/2021"},
{"title": "Michael Goodwin: Dems' anti-Israel faction \u2013 how Biden is playing to the radicals within his party", "time": "05/2021"},
{"title": "Auschwitz survivor, 97, receives anti-Semitic messages on TikTok: report", "time": "05/2021"},
{"title": "GOP pivots to blast tax-and-spend Biden in bid to 'reclaim the mantle of fiscal responsibility'", "time": "05/2021"},
{"title": "Ex-NYT science editor calls out media for ignoring 'sustained Chinese propaganda' blocking COVID origin facts", "time": "05/2021"},
{"title": "Sen. Rick Scott: New Cold War \u2013 China threat is clear. Here's how US, allies must respond to defend freedom", "time": "05/2021"},
{"title": "Chinese ultramarathon results in 21 deaths after unexpected, extreme cold weather", "time": "05/2021"},
{"title": "Italy cable car crash: Boy, 5, is only survivor after cabin plunges down mountain", "time": "05/2021"},
{"title": "US learned several Wuhan lab researchers sickened before COVID-19 outbreak: former State Department official", "time": "05/2021"},
{"title": "Biden condemns 'despicable' anti-Semitic attacks as Democrats take harder line on Israel", "time": "05/2021"},
{"title": "'Squad' Dems condemn anti-Semitism amid broadsides against Israel 'Apartheid' state some say lead to violence", "time": "06/2021"},
{"title": "Sen. Hawley: Left's 'incendiary rhetoric' on Israel has to stop", "time": "05/2021"},
{"title": "Schumer condemns anti-Semitism in US, remains low-key in response to Israel-Hamas fighting", "time": "05/2021"},
{"title": "'The Me You Can't See' director explains Prince Harry's decision to undergo therapy on the show", "time": "05/2021"},
{"title": "BBC \u2018must act quickly to restore trust\u2019 after Princess Diana interview scandal, U.K. culture secretary says", "time": "05/2021"},
{"title": "Prominent UK Black Lives Matter activist shot in head had received 'numerous death threats': party", "time": "05/2021"},
{"title": "Rocket lands near Iraq base hosting US troops", "time": "05/2021"},
{"title": "LIVE UPDATES: Biden condemns 'despicable' anti-Semitic attacks as administration will head to Middle East", "time": "05/2021"},
{"title": "Paloma Elsesser slammed for asking followers to think twice before posting about anti-Semitism on Instagram", "time": "05/2021"},
{"title": "Pompeo says it's 'outrageous' US officials, including Fauci, dismissed lab leak theory", "time": "05/2021"},
{"title": "Jon Voight speaks out about rise in anti-Semitism in US: 'Can\u2019t you see this horror?'", "time": "05/2021"},
{"title": "Japan opens mass vaccine centers 2 months before Olympics", "time": "05/2021"},
{"title": "White House insists COVID-19 origins requires 'transparent' international investigation", "time": "05/2021"},
{"title": "Tlaib ally, former Sanders surrogate says, 'Stop condemning anti-Semitism'", "time": "05/2021"},
{"title": "State Department admits possibility Palestinian aid will fund Hamas arsenal", "time": "05/2021"},
{"title": "Friedman: People in our own government are \u2018fueling the flames\u2019 of anti-Semitism", "time": "05/2021"},
{"title": "Couple gets married on flight, gets in trouble for breaking COVID regulations", "time": "05/2021"},
{"title": "Feminist groups largely quiet after CNN's Cuomo advised brother to not resign over sexual harassment charges", "time": "05/2021"},
{"title": "Dem congressman calls out progressives' 'deafening' silence on anti-Semitic attacks", "time": "05/2021"},
{"title": "Pompeo plans Israel trip as Biden admin aims to solidify cease-fire", "time": "05/2021"},
{"title": "Prince William confused as to why brother Harry keeps \u2018throwing his family under the bus\u2019: report", "time": "05/2021"},
{"title": "NY Post editor Sohrab Ahmari exposes the 'failings' of the establishment on 'Tucker Carlson Today'", "time": "05/2021"},
{"title": "NY Magazine writer calls out 'liberal media' for dismissing COVID lab-leak theory, 'smearing' its backers", "time": "05/2021"},
{"title": "Cosmic 2-for-1: Total lunar eclipse combines with supermoon", "time": "05/2021"},
{"title": "Chris Christie slams Biden for allowing Canada COVID 'double standard'", "time": "05/2021"},
{"title": "What was behind a jet's diversion to Belarus?", "time": "05/2021"},
{"title": "Sen. Kennedy warns some in GOP 'swapped brains with Democrats' to support Schumer's 'orgy of spending porn'", "time": "05/2021"},
{"title": "Biden condemns arrest of Belarusian opposition figure, calls diverted flight a 'shameful assault'", "time": "05/2021"},
{"title": "BBC investigating reporter who tweeted \u2018Hitler was right,\u2019 compared Israel to Nazis", "time": "05/2021"},
{"title": "Tucker Carlson: Fauci, the WHO, and mainstream media lied about COVID origins for more than a year", "time": "05/2021"},
{"title": "CNN slams Cruz for 'pushing Russian propaganda,' virtually ignores Biden lifting sanctions on Russian pipeline", "time": "05/2021"},
{"title": "Ingraham: Media admits to ignoring facts about COVID during Trump administration", "time": "05/2021"},
{"title": "Blinken reaffirms US commitment to Israel's security during joint press conference", "time": "05/2021"},
{"title": "Netanyahu, in front of Blinken, says US should stay away from Iran nuclear deal", "time": "05/2021"},
{"title": "Japan says US travel warning for virus won't hurt Olympians", "time": "05/2021"},
{"title": "Sen. Josh Hawley: The China threat is real and big business is a sellout. Here's what Congress must do now", "time": "05/2021"},
{"title": "Missing man's body recovered inside dinosaur statue, may have gotten stuck retrieving cellphone: report", "time": "05/2021"},
{"title": "British politician criticized over tweet following shooting of BLM activist", "time": "05/2021"},
{"title": "Death toll from Congo volcano eruption rises to at least 32", "time": "05/2021"},
{"title": "New York Times column slammed for calling anti-Semitic attacks 'a gift to the right'", "time": "05/2021"},
{"title": "Iran agrees to extend deal on cameras at its nuclear sites", "time": "05/2021"},
{"title": "Becerra tells WHO it 'must' launch more 'transparent' investigation into COVID origin", "time": "05/2021"},
{"title": "AOC, fellow Squad members need to call out anti-Semitism '365 days' a year: Lee Zeldin", "time": "05/2021"},
{"title": "John Cena issues apology to China in Mandarin after calling Taiwan its own country in 'F9' interview", "time": "05/2021"},
{"title": "Who gets to be an astronaut during the private spaceflight boom?", "time": "05/2021"},
{"title": "Biden, Putin to meet in person June 16 in Geneva, White House confirms", "time": "05/2021"},
{"title": "Who is Belarus journalist arrested on diverted Ryanair flight?", "time": "05/2021"},
{"title": "Blackburn presses Biden on WHO probe into COVID origins, amid renewed scrutiny of Wuhan lab", "time": "05/2021"},
{"title": "Tom Cotton slams 'reporters and activists in white lab coats' for dismissing lab-leak theory", "time": "05/2021"},
{"title": "Ethiopia\u2019s Amhara ethnic group accuses Biden of ignoring atrocities", "time": "05/2021"},
{"title": "McCarthy, Kustoff introduce bill targeting anti-Semitic hate crimes amid wave of attacks", "time": "05/2021"},
{"title": "Rashida Tlaib silent on ally's call to stop condemning anti-Semitism", "time": "05/2021"},
{"title": "Ron Johnson: Fauci, media 'finally being honest' about Wuhan lab leak theory", "time": "05/2021"},
{"title": "LIVE UPDATES: Antony Blinken arrives in Israel, begins Middle East mission to bolster Gaza cease-fire", "time": "05/2021"},
{"title": "Fauci defends 'modest' collaboration with Wuhan scientists, says NIH didn't fund 'gain of function' research", "time": "05/2021"},
{"title": "White House says Biden-Putin meeting not a 'reward' to Russia, but a 'vital part' of defending US interests", "time": "05/2021"},
{"title": "Blinken announces additional US assistance to Palestinians, says US will reopen consulate in Jerusalem", "time": "05/2021"},
{"title": "Japanese researchers dig deepest ocean hole in history", "time": "05/2021"},
{"title": "Lankford, other GOP senators urge Biden not to transfer detainees from Guantanamo Bay", "time": "05/2021"},
{"title": "Biden to name Tom Nides ambassador to Israel: AP source", "time": "05/2021"},
{"title": "Biden must get tougher on Israel, hundreds of campaign staffers urge", "time": "05/2021"},
{"title": "Lawmakers call for Fauci resignation or firing 'immediately' amid COVID flip-flops", "time": "05/2021"},
{"title": "Pope mourns Italy cable car dead, prays for 'little Eitan'", "time": "05/2021"},
{"title": "Critical race theory and the Bible don't mix, theologian tells Fox News", "time": "05/2021"},
{"title": "Nikki Haley calls for Beijing Olympics boycott, urges Biden diplomats to create COVID probe alliance", "time": "05/2021"},
{"title": "House GOP will 'leave no stone unturned' in Wuhan lab investigation: McMorris Rodgers", "time": "05/2021"},
{"title": "Trump tells Dan Bongino he has 'very little doubt' coronavirus leaked from Wuhan lab", "time": "05/2021"},
{"title": "Senate advances measure barring taxpayer funds for China\u2019s Wuhan Institute of Virology", "time": "05/2021"},
{"title": "William Shakespeare, 1st man in world to get approved COVID vaccine, dies at 81", "time": "05/2021"},
{"title": "Oprah Winfrey says Prince Harry\u2019s frank discussions will help royal family \u2018see the truth in themselves\u2019", "time": "05/2021"},
{"title": "Missing woman Sarm Heslop was not body found on Caribbean island, police say", "time": "05/2021"},
{"title": "WaPo's Josh Rogin reminds journos who blame others for dismissing lab-leak theory are 'bulls--- naval-gazing'", "time": "05/2021"},
{"title": "Prince William jokingly scolded for \u2018flirting\u2019 with 96-year-old admirer", "time": "05/2021"},
{"title": "Black Hawk helicopter crashes in Florida, 4 believed dead: reports", "time": "05/2021"},
{"title": "Chris Cuomo says 'political right' obsessed over COVID origins to 'forward agenda' that China was 'sneaky'", "time": "05/2021"},
{"title": "Mark Levin says Joe Biden is 'The Human Pandemic', declares 'poison of anti-Semitism' has infected Democrats", "time": "05/2021"},
{"title": "Biden to nominate LA Mayor Eric Garcetti as ambassador to India: report", "time": "05/2021"},
{"title": "Meghan Markle performs Reiki touching therapy on son Archie, dogs: report", "time": "05/2021"},
{"title": "WHO asked to review spiked Italy COVID-19 report, whistleblower case", "time": "05/2021"},
{"title": "Ingraham: Leftist elites are 'puppets of Beijing', scared to upset China", "time": "05/2021"},
{"title": "Vaccine inequity in India sends many falling through gaps", "time": "05/2021"},
{"title": "3 arrested in Italy cable car crash; clamp deactivated brake", "time": "05/2021"},
{"title": "Pope kisses hand of Auschwitz survivor", "time": "05/2021"},
{"title": "Biden making 'concession after concession' to Putin: Morgan Ortagus", "time": "05/2021"},
{"title": "Otto Warmbier's mom pleads with judge to stop Biden WH extradition: 'North Korea will kill Chris'", "time": "05/2021"},
{"title": "Former Sen. John Warner and Elizabeth Taylor met on a blind date with Queen Elizabeth", "time": "05/2021"},
{"title": "Liberal journalist trashes media's dismissal of lab leak coronavirus theory: 'Catastrophic f---up'", "time": "05/2021"},
{"title": "Ex-Johnson aide lambasts UK government over COVID failures", "time": "05/2021"},
{"title": "Sen. Cotton says Dr. Fauci, NIH need to 'come clean' about Wuhan lab funding", "time": "05/2021"},
{"title": "Great white shark population along California coast booming", "time": "05/2021"},
{"title": "Deroy Murdock: Coming to America -- Black Africans, Caribbeans flock to 'systemically racist' USA", "time": "05/2021"},
{"title": "Pro-GOP group takes aim at House Dems over Israeli Iron Dome vote", "time": "05/2021"},
{"title": "Chinese state-run media paid U.S. newspapers millions for advertising campaign: Report", "time": "05/2021"},
{"title": "Biden State Department quietly ended team's work probing COVID origin", "time": "05/2021"},
{"title": "Tom Cotton on media's sudden warming to lab-leak hypothesis: 'I'm not looking for any awards'", "time": "05/2021"},
{"title": "Prince Harry and Oprah Winfrey\u2019s mental health series \u2018is another blow for the royal family,\u2019 historian says", "time": "05/2021"},
{"title": "LIVE UPDATES: Blinken meets with Egypt, Jordan leaders following Israel cease-fire", "time": "05/2021"},
{"title": "Meghan Markle, Prince Harry\u2019s Sussex Royal cleared over claims it mismanaged charity funds", "time": "05/2021"},
{"title": "Prince Harry, Oprah Winfrey host \u2018The Me You Can\u2019t See\u2019 discussion with Lady Gaga, Glenn Close", "time": "05/2021"},
{"title": "Former State Department official reveals 'procedural' and 'substantive concerns' with Wuhan COVID-19 origin", "time": "05/2021"},
{"title": "Biden picks LA mayor, envoy for ambassador posts: AP source", "time": "05/2021"},
{"title": "Hamas leader Sinwar hoists rifle-carrying child for cameras in Gaza City rally", "time": "05/2021"},
{"title": "'The View' co-host Sara Haines furthers excuse that Trump is reason media shut down lab-leak hypothesis", "time": "05/2021"},
{"title": "White House won\u2019t say if China will be punished if lab leak theory is proven", "time": "05/2021"},
{"title": "Fauci praises 'competent, trustworthy' Chinese scientists", "time": "05/2021"},
{"title": "Biden admin \u2018in damage control\u2019 mode on Wuhan lab questions: Mark Meadows", "time": "05/2021"},
{"title": "Jon Voight compares media to 'Pravda' repeating Dem 'party line': 'Don't journalists have any sense of pride?'", "time": "05/2021"},
{"title": "Iran presidential candidates announced with nuclear deal, ayatollah's future at stake", "time": "05/2021"},
{"title": "Senate passes bill requiring the Biden administration to declassify intelligence on COVID-19 origins", "time": "05/2021"},
{"title": "Top military official warns US peace with China and Russia 'fraying'", "time": "05/2021"},
{"title": "Biden paid 'cost of admission' for Putin summit by waiving Nord Stream pipeline sanctions: Rep. McCaul", "time": "05/2021"},
{"title": "Prince William, Kate Middleton return to college in \u2018alumni\u2019 visit to St. Andrews", "time": "05/2021"},
{"title": "'The Five' calls Biden meeting 'a giant cake' for Putin amid pipeline hack", "time": "05/2021"},
{"title": "Tucker Carlson: Why did the White House shut down an investigation into COVID origins?", "time": "05/2021"},
{"title": "Chris Cuomo falsely claims US gov 'had not been open to the lab theory' after he reported it last year", "time": "05/2021"},
{"title": "Greg Gutfeld: Media is explaining how their prejudice biased coverage of possible Wuhan lab leak", "time": "05/2021"},
{"title": "Cuban baseball player defects after arriving in Florida", "time": "05/2021"},
{"title": "CNN shredded over 'pathetic' report criticizing eating habits of 'ancient Judeans: 'Seriously, this is news?'", "time": "05/2021"},
{"title": "Sen. Rubio & Rep. Malliotakis: Biden's human rights choice \u2013 turn blind eye to UN corruption or demand reform?", "time": "05/2021"},
{"title": "Kim vows to build N. Korea socialism amid US nuclear impasse", "time": "05/2021"},
{"title": "US Marine Christopher Ahn worries Kim Jong Un put a target on his back", "time": "05/2021"},
{"title": "China 'cover-up' hampering investigation into COVID origin: top US general", "time": "05/2021"},
{"title": "USS Ronald Reagan leaving Asia to help with Afghanistan troop withdrawal", "time": "05/2021"},
{"title": "Prince Charles is \u2018hurt\u2019 by Prince Harry\u2019s recent tell-all, source claims: \u2018Nothing is off limits now'", "time": "05/2021"},
{"title": "Family of American journalist detained in Burma awaiting proof of his well-being", "time": "05/2021"},
{"title": "Suspects stole over $740K in church donations: police", "time": "05/2021"},
{"title": "GOP lawmaker on bill to fire Fauci: He's been 'wrong over and over again'", "time": "05/2021"},
{"title": "Study seeks origins of Hawaii's dangerous ghost nets", "time": "05/2021"},
{"title": "Sinopharm COVID-19 vaccines appear safe, effective, study finds", "time": "05/2021"},
{"title": "Egypt invites Israel, Hamas, Palestinian Authority for talks \u2018seeking a long-term truce\u2019", "time": "05/2021"},
{"title": "China refusal to support WHO COVID origins probe accelerated Biden announcement on US investigation: official", "time": "05/2021"},
{"title": "Kim Kardashian's mobile video game removes segment that seemingly referenced 'Megxit'", "time": "05/2021"},
{"title": "Chinese firms, including Huawei, barred from using national security loophole in new bill", "time": "05/2021"},
{"title": "Tasmanian devil joeys born on Australian mainland for first time in 3,000 years", "time": "05/2021"},
{"title": "Ari Fleischer blasts media's dismissal of lab leak hypothesis: 'Anti-evidence, anti-science, anti-intellect'", "time": "05/2021"},
{"title": "Sen. Rick Scott introduces bill to ensure Hamas can't access Palestinian relief funds", "time": "05/2021"},
{"title": "Anthony Fauci has 'done enough damage. Time to resign': Miranda Devine", "time": "05/2021"},
{"title": "Intel community 'aggressively' investigating COVID-19 origin", "time": "05/2021"},
{"title": "WSJ Editorial Board: The virus lab theory's new credibility", "time": "05/2021"},
{"title": "Biden pick for top intelligence lawyer refuses to rule out working for CCP-linked Huawei in future", "time": "05/2021"},
{"title": "China's Xi protecting info about Wuhan lab potentially \u2018criminal behavior\u2019: Keane", "time": "05/2021"},
{"title": "French police shoot knife-wielding man: report", "time": "05/2021"},
{"title": "Andy McCarthy hits media's lack of curiosity into the Biden family connection to China", "time": "05/2021"},
{"title": "Off-duty New York firefighter uses Jet Ski to douse burning boat", "time": "05/2021"},
{"title": "AP reporter accuses GOPers of 'practicing revisionist history' for taking lab-leak theory seriously last year", "time": "05/2021"},
{"title": "Biden administration's return to Libya inexplicable when US faces multiple crises at home: Jim Jordan", "time": "05/2021"},
{"title": "Tibetan exile leader warns of Chinese aggression: 'China will transform you'", "time": "05/2021"},
{"title": "New York Times reporter deletes Twitter account after tweeting that COVID lab-leak theory has 'racist roots'", "time": "05/2021"},
{"title": "Senate advances bipartisan bill to counter China", "time": "05/2021"},
{"title": "Hannity: \u2018Corrupt\u2019 left-wing institutions doing \u2018complete 180\u2019 on COVID-19 origins", "time": "05/2021"},
{"title": "CBS admits COVID lab-leak theory developments are 'vindication of sorts for Trump-era officials'", "time": "05/2021"},
{"title": "House bills targeting China would launch coronavirus 'origins' probe, allow victims' families to sue Beijing", "time": "05/2021"},
{"title": "China toying with Biden administration at every turn", "time": "05/2021"},
{"title": "NYC EMT says he was attacked for being Jewish in Las Vegas", "time": "05/2021"},
{"title": "Biden White House blames anti-Asian violence spike on rhetoric from 'certain political leaders'", "time": "05/2021"},
{"title": "Ingraham exposes Beijing's American collaborators who cover for China", "time": "05/2021"},
{"title": "House Judiciary, Oversight Republicans launch investigation into NIH Wuhan lab grant", "time": "05/2021"},
{"title": "Catholic group founding conservative university in Warsaw", "time": "05/2021"},
{"title": "European regulators OK Pfizer vaccine for children 12-15", "time": "05/2021"},
{"title": "UK authorizes J&J COVID-19 vaccine as virus cases edge up", "time": "05/2021"},
{"title": "Prince Harry recalls how he initially reacted to Meghan Markle\u2019s suicidal thoughts: \u2018I\u2019m somewhat ashamed\u2019", "time": "05/2021"},
{"title": "Kate Middleton keeps promise to wear a pink dress for young cancer patient", "time": "05/2021"},
{"title": "US tells Russia it won\u2019t rejoin Open Skies arms control pact", "time": "05/2021"},
{"title": "Rand Paul brings colorful props to Senate floor to call out wasteful research: 'Lizards on a Treadmill'", "time": "05/2021"},
{"title": "Britney Spears praises Princess Diana amid Panorama interview controversy", "time": "05/2021"},
{"title": "Gingrich: China lied to the world about COVID, should face new tariffs", "time": "05/2021"},
{"title": "Fauci said knowledge from controversial pathogen experiments 'outweigh the risk' of possible pandemic", "time": "05/2021"},
{"title": "Rep. Barr introduces legislation to form committee on China\u2019s handling of COVID-19", "time": "05/2021"},
{"title": "Rutgers University chancellor, provost apologize after speaking out against increase in anti-Semitism", "time": "05/2021"},
{"title": "Officer responded to Prince Harry's home to deliver message related to Prince Philip's death", "time": "05/2021"},
{"title": "Scientists at Wuhan lab in COVID probe admitted being bitten by bats: reports", "time": "05/2021"},
{"title": "Mars helicopter Ingenuity experiences anomaly on 6th flight, lands safely anyway", "time": "05/2021"},
{"title": "Biden: China thinks it will 'own America' by 2035", "time": "05/2021"},
{"title": "Giant tortoise thought to be extinct over a century ago found on Galapagos", "time": "05/2021"},
{"title": "Marc Thiessen slams media 'dereliction of duty' on China, COVID origins", "time": "05/2021"},
{"title": "Coronavirus 'optimized for transmission between humans' in way never before seen: Former State Dept official", "time": "05/2021"},
{"title": "Biden calls recent spike in anti-Semitic attacks \u2018despicable, unconscionable, un-American\u2019", "time": "05/2021"},
{"title": "Bill Maher defends Israel, rips 'liberal media' and 'Bella Hadids of the world'", "time": "05/2021"},
{"title": "Gov. Abbott blasts \u2018open border Biden' for failing to stop flow of fentanyl coming into US", "time": "05/2021"},
{"title": "Top US military officer ready to 'rapidly' evacuate Afghan interpreters, if ordered", "time": "05/2021"},
{"title": "Greg Gutfeld: Corporations placating the Left are behind woke culture", "time": "05/2021"},
{"title": "Biden received funds from top Russia lobbyist before Nord Stream 2 giveaway", "time": "05/2021"},
{"title": "Amazing new image from NASA's Chandra Observatory reveals colorful threads of Milky Way", "time": "05/2021"},
{"title": "Kate Middleton receives COVID vaccine", "time": "05/2021"},
{"title": "These locations named most at risk for 2021 Atlantic hurricane season", "time": "05/2021"},
{"title": "Pompeo says Wuhan lab was engaged in military activity alongside civilian research", "time": "05/2021"},
{"title": "Jeff Corwin on historic Tasmanian devil return: It's 'a glimmer of hope'", "time": "05/2021"},
{"title": "Explosive study claims to prove Chinese scientists created COVID", "time": "05/2021"},
{"title": "Bipartisan group of senators to travel to Eastern Europe as Biden announces new crackdowns against Belarus", "time": "05/2021"},
{"title": "Police prep for summer violence with Memorial Day Weekend", "time": "05/2021"},
{"title": "Reports: Boris Johnson, fianc\u00e9e Carrie Symonds wed in London", "time": "05/2021"},
{"title": "Blame in Italy cable car deaths rests with technician", "time": "05/2021"},
{"title": "MLB player Marcell Ozuna arrested, accused of choking wife, slamming her against wall: reports", "time": "05/2021"},
{"title": "Canada site of former Indigenous school reveals mass grave with more than 200 children buried", "time": "05/2021"},
{"title": "Memorial Day: How the US military is marking the holiday overseas", "time": "05/2021"},
{"title": "UK PM Boris Johnson marries fiancee in private ceremony", "time": "05/2021"},
{"title": "Rutgers student reacts to chancellor apologizing after speaking out against rise in anti-Semitism", "time": "05/2021"},
{"title": "Biden admin now investigating COVID origin 'because of the public outcry\u2019: Rep. Mike Turner", "time": "05/2021"},
{"title": "Loose bat on Air India flight forces it to turn around mid-flight", "time": "05/2021"},
{"title": "Israel, Egypt talk truce with Hamas, rebuilding Gaza Strip", "time": "05/2021"},
{"title": "BLM cofounder called for the end of Israel in 2015", "time": "05/2021"},
{"title": "China eases birth limits, to allow couples to have 3 children", "time": "05/2021"},
{"title": "ABC's chief White House reporter: A lot of reporters have 'egg on their face' over Wuhan lab-leak theory", "time": "05/2021"},
{"title": "Ex-porn star Mia Khalifa's Israel bashing continues: 'My wine is older than your apartheid state'", "time": "05/2021"},
{"title": "Sens. Cruz, Hagerty fly to Israel to survey damage from Hamas conflict", "time": "05/2021"},
{"title": "Biden sends Xi, Putin warning while remembering son Beau, fallen troops in Memorial Day speech", "time": "05/2021"},
{"title": "Memorial Day: 6 Americans who gave their lives fighting for freedom", "time": "05/2021"},
{"title": "Israel Prime Minister Netanyahu fires back at coalition effort to oust him: 'Fraud of the century'", "time": "05/2021"},
{"title": "Marines of Lima Company remember the fallen and reunite in Nashville to halt veteran suicides", "time": "05/2021"},
{"title": "Ryanair flight to Poland diverted to Berlin over 'potential security threat'", "time": "05/2021"},
{"title": "Denmark helped US spy on Merkel, EU officials during Obama administration: reports", "time": "05/2021"},
{"title": "Couple finally receive wedding photos 46 years after they were married", "time": "05/2021"},
{"title": "Dem congressman chides progressives for provoking anti-Semitism by calling Israel 'apartheid state'", "time": "05/2021"},
{"title": "Pistol-based drinking game eyed in Belize police chief\u2019s death linked to US socialite", "time": "05/2021"},
{"title": "Cruz shares heartbreaking photos of home 'bombed by terrorists' in Israel", "time": "05/2021"},
{"title": "UK intelligence reassesses COVID lab leak theory, now says its \u2018feasible\u2019", "time": "05/2021"},
{"title": "Hong Kong teacher becomes fastest woman to climb Mount Everest", "time": "05/2021"},
{"title": "UN watchdog: Access to key Iranian data lacking since Feb 23", "time": "05/2021"},
{"title": "Inmate in India refuses parole, feels safer behind bars amid COVID-19 outbreak: report", "time": "06/2021"},
{"title": "China rejects torture claim in trial of Australian writer", "time": "06/2021"},
{"title": "UK billionaire\u2019s daughter-in-law charged in shooting death of top Belize cop", "time": "06/2021"},
{"title": "Blinken visits Central America as prolonged migrant crisis ramps up pressure on Biden-Harris administration", "time": "06/2021"},
{"title": "Daredevil parachutes from UK\u2019s narrowest ridge in stomach-dropping video", "time": "06/2021"},
{"title": "London's Heathrow Airport reopens terminal for high-risk travelers", "time": "06/2021"},
{"title": "Liz Peek: Biden's China problem \u2013 president won't dare confront Beijing over COVID origins. Here's why", "time": "06/2021"},
{"title": "Vatican law criminalizes sexual abuse of adults by priests, laity", "time": "06/2021"},
{"title": "2021 Atlantic hurricane season begins", "time": "06/2021"},
{"title": "GOP leaders tour Israeli home destroyed by Hamas rocket attack that claimed life of caretaker", "time": "06/2021"},
{"title": "Jasmine Hartin, daughter-in-law of UK billionaire, reportedly confessed to shooting after drug charge threat", "time": "06/2021"},
{"title": "Cruz, in Israel, accuses Biden of showing 'weakness' to Hamas", "time": "06/2021"},
{"title": "McFarland skewers media, 'tech titans' for dismissing Wuhan lab theory: 'The Blame America First lobby'", "time": "06/2021"},
{"title": "Deroy Murdock: Joe Biden and a tragic tale of 3 pipelines \u2013 Trump's hard-won energy independence is gone", "time": "06/2021"},
{"title": "Netanyahu slams Iran nuclear deal possibility, willing to risk 'friction' with US", "time": "06/2021"},
{"title": "NASA's Perseverance Mars rover marks 100 days on the red planet", "time": "06/2021"},
{"title": "Democratic radical left treats anti-Semitism with double standard compared to other hate crimes: activist", "time": "06/2021"},
{"title": "Washington Post issues 'correction' on 2020 Tom Cotton story claiming COVID lab-leak theory was 'debunked'", "time": "06/2021"},
{"title": "US Army soldiers mistakenly raid Bulgarian olive oil factory during NATO exercise", "time": "06/2021"},
{"title": "New York Times issues multiple corrections on Israeli-Palestinian coverage, ripped for 'shameful propaganda'", "time": "06/2021"},
{"title": "Chinese professor goes viral on TikTok after complaining about his daughter's academic performance", "time": "06/2021"},
{"title": "Petra Kvitova withdraws from French Open after sustaining ankle injury during 'post-match press requirements'", "time": "06/2021"},
{"title": "Rep. Brian Fitzpatrick: China's Communist Party vs. the world -- we must fight back before it's too late", "time": "06/2021"},
{"title": "Vietnam detects new coronavirus variant, hybrid of UK, India strains", "time": "05/2021"},
{"title": "Iran's largest warship catches fire, sinks in Gulf of Oman", "time": "06/2021"},
{"title": "WHO gives coronavirus variants 'easy-to-pronounce, non-stigmatizing' Greek alphabet names", "time": "06/2021"},
{"title": "Meghan Markle, Prince Harry once hinted at baby girl names they like", "time": "06/2021"},
{"title": "NYT's Stephens slams media over lab-leak theory: Those panicking about 'misinformation' 'peddle it' themselves", "time": "06/2021"},
{"title": "Watters: Media 'self-owned' themselves admitting lab-leak theory possible", "time": "06/2021"},
{"title": "Kate Middleton \u2018was not overawed by\u2019 Meghan Markle, Prince Harry\u2019s claims: report", "time": "06/2021"},
{"title": "CFL's Edmonton franchise changes name due to racial insensitivity", "time": "06/2021"},
{"title": "Sinovac COVID-19 vaccine restores a Brazilian city to near normal", "time": "06/2021"},
{"title": "JBS hack latest escalation of Russia-based aggression ahead of June 16 Putin summit: experts", "time": "06/2021"},
{"title": "Billionaire\u2019s daughter-in-law transferred to Belize prison after being charged in death of top cop", "time": "06/2021"},
{"title": "Queen Elizabeth to celebrate Platinum Jubilee in 2022 with special holiday weekend", "time": "06/2021"},
{"title": "Israel finds possible link between Pfizer COVID-19 vaccine, myocarditis", "time": "06/2021"},
{"title": "Giovanni Brusca, Sicilian mobster dubbed the \u2018People Slayer,\u2019 released from prison: report", "time": "06/2021"},
{"title": "Danish journalist has sex during interview for segment on swingers club", "time": "06/2021"},
{"title": "Migrant boy, 5, seen screaming after being abandoned along US-Mexico border, video shows", "time": "06/2021"},
{"title": "Fauci has not been \u2018exactly honest,\u2019 questions on Wuhan lab funding must be answered: Nancy Mace", "time": "06/2021"},
{"title": "Bipartisan House lawmakers urge US to replenish Israel's Iron Dome missile defense system", "time": "06/2021"},
{"title": "CNN medical contributor: Don't let lab-leak theory lead to anti-Asian discrimination", "time": "06/2021"},
{"title": "Meadows rips scientists' statements on coronavirus origins: We are in 'Biden cover-up mode\u2019", "time": "06/2021"},
{"title": "Former State Dept investigator on leaked Fauci emails: 'I don't trust these scientists' about Wuhan lab", "time": "06/2021"},
{"title": "Isaac Herzog elected Israel's president, following in father's footsteps", "time": "06/2021"},
{"title": "Hurricane season: How NASA tracks the dangerous storms", "time": "06/2021"},
{"title": "Seattle man arrested at airport after trying to join ISIS, feds say", "time": "06/2021"},
{"title": "Biden to raise Russia-based ransomware attacks in Putin meeting after US hit again", "time": "06/2021"},
{"title": "Vox mercilessly mocked for being puzzled over spike in anti-Semitic violence: 'You know exactly why'", "time": "06/2021"},
{"title": "Sightings of 'juvenile' great white sharks increase off California coastline", "time": "06/2021"},
{"title": "Artist sells 'invisible sculpture' for $18K", "time": "06/2021"},
{"title": "WHO's election of Syria, Belarus to executive board sparks 'grave concerns' from US", "time": "06/2021"},
{"title": "Russia and China 'sense weakness' and are testing Biden: Fred Fleitz", "time": "06/2021"},
{"title": "Tlaib ally runs organization accused of promoting anti-Semitism", "time": "06/2021"},
{"title": "Pentagon chief Austin to discuss Iran's 'malign' behavior with Israeli defense minister", "time": "06/2021"},
{"title": "Massachusetts' Cape Cod great white shark detections on the rise", "time": "06/2021"},
{"title": "Top cybersecurity official warns of more ransomware attacks", "time": "06/2021"},
{"title": "The push toward a new totalitarian normal: CJ Hopkins", "time": "06/2021"},
{"title": "Ryanair passenger spits at and hits people on a flight to Italy: report", "time": "06/2021"},
{"title": "Israeli PM Netanyahu opponents say they have reached coalition deal, paving way to oust him", "time": "06/2021"},
{"title": "Biden to alter Trump order targeting US investments in Chinese military firms: report", "time": "06/2021"},
{"title": "Biden needs to make clear to Putin that cyberattacks will have consequences: Rep. McCaul", "time": "06/2021"},
{"title": "JBS ransomware attack part of Russia's 'massive cyber warfare campaign' to undermine US: General Keane", "time": "06/2021"},
{"title": "Kate Middleton is \u2018trying to mediate\u2019 Prince Harry, Prince William\u2019s reconciliation, uncle says", "time": "06/2021"},
{"title": "MSNBC's Nicolle Wallace doesn't press Fauci on emails, gushes during softball interview", "time": "06/2021"},
{"title": "Meadows, Jordan call for Fauci to return to Congress and answer questions about emails", "time": "06/2021"},
{"title": "MacCallum pushes back on NIH chief denying he rejected lab-leak theory: 'You and Fauci jumped to conclusions'", "time": "06/2021"},
{"title": "Who is Naftali Bennett? The man slated to replace Benjamin Netanyahu", "time": "06/2021"},
{"title": "Tucker Carlson: Is Dr. Fauci under criminal investigation?", "time": "06/2021"},
{"title": "China's silencing of Tiananmen tributes extends to Hong Kong", "time": "06/2021"},
{"title": "Israel arrests top Hamas leader in predawn raid", "time": "06/2021"},
{"title": "Fauci's forthcoming book seemingly scrubbed from Amazon, Barnes & Noble amid backlash", "time": "06/2021"},
{"title": "Buckingham Palace barred minorities from office jobs in '60s, documents in National Archives show", "time": "06/2021"},
{"title": "10,000 volunteers drop out; Tokyo Olympics open in 50 days", "time": "06/2021"},
{"title": "Ingraham blasts Fauci as 'Man who cried COVID', wonders if days are numbered", "time": "06/2021"},
{"title": "Biden to meet with Queen Elizabeth II at Windsor Castle on June 13", "time": "06/2021"},
{"title": "Fauci emails paint \u2018disturbing picture\u2019 of COVID narrative: Sen. Rand Paul", "time": "06/2021"},
{"title": "Mafia hit man apologizes; Italians indignant at his release", "time": "06/2021"},
{"title": "Iran warship, oil refinery both hit by fires on same day", "time": "06/2021"},
{"title": "GOP chair Stefanik blasts Biden admin, calls for unilateral reopening of northern border", "time": "06/2021"},
{"title": "Hurricanes to threaten more than 32 million U.S. homes", "time": "06/2021"},
{"title": "Miami mayor, Florida Congress members to attend first-of-its-kind conservative climate rally", "time": "06/2021"},
{"title": "Biden's Tulsa race speech 'disunifying, dishonest' and 'designed to inflame': Miranda Devine", "time": "06/2021"},
{"title": "Netanyahu foes push for quick vote to end his 12-year rule", "time": "06/2021"},
{"title": "'Three Days in Moscow' remembers Reagan's efforts in Russia on the anniversary of the Moscow Summit", "time": "06/2021"},
{"title": "Princess Diana\u2019s wedding dress goes on display at Kensington Palace", "time": "06/2021"},
{"title": "Prince Harry, Meghan Markle won't be \u2018iced out\u2019 of Queen\u2019s Platinum Jubilee: report", "time": "06/2021"},
{"title": "Justice Department to elevate ransomware attacks to be on par with terrorism", "time": "06/2021"},
{"title": "Migrants nearly drown in US-Mexico border crossing, video shows", "time": "06/2021"},
{"title": "Mexico sinkhole photos show house on edge of colossal crater", "time": "06/2021"},
{"title": "Billionaire Lord Michael Ashcroft reportedly paid for Belize police gym", "time": "06/2021"},
{"title": "NASA, SpaceX launch groundbreaking experiments to space station", "time": "06/2021"},
{"title": "Kate Middleton was \u2018keen to bury the hatchet\u2019 with Meghan Markle, Prince Harry after Oprah interview: report", "time": "06/2021"},
{"title": "China pushes ahead with aggressive vaccination effort after slow start", "time": "06/2021"},
{"title": "Tucker Carlson: US government officials helped China cover up COVID origins", "time": "06/2021"},
{"title": "Germany's coronavirus lockdown 'not responsible' for pandemic decline, study finds", "time": "06/2021"},
{"title": "Wuhan lab-leak scenario could be complicated to prove, even after regaining credibility", "time": "06/2021"},
{"title": "Kevin McCarthy: Democrats ignored truth about COVID origins putting politics before American lives", "time": "06/2021"},
{"title": "Piers Morgan jabs 'Good Morning Britain' as its ratings hit bottom: 'Should I set my alarm for 4:45 again?'", "time": "06/2021"},
{"title": "Taiwan port crash sends cargo containers tumbling, workers running for safety: video", "time": "06/2021"},
{"title": "Ex-CDC director Redfield says he received death threats after mentioning lab-leak theory", "time": "06/2021"},
{"title": "Pompeo: NIH tried to suppress State Dept virus probe; Fauci repeating Chinese Communist Party 'excuses'", "time": "06/2021"},
{"title": "Rep. Elise Stefanik: Pelosi, House Democrats' drug pricing bill jeopardizes our national security", "time": "06/2021"},
{"title": "Fauci: Are you saying we\u2019re implicated over $120K a year for bat surveillance?", "time": "06/2021"},
{"title": "Ingraham rips Fauci's COVID collusion and defense of China", "time": "06/2021"},
{"title": "Hannity knocks Fauci after emails released: 'Any idiot' could have 'realized' plausibility of Wuhan lab leak", "time": "06/2021"},
{"title": "Doctor working in COVID-19 ward severely beaten by mob after patient dies: report", "time": "06/2021"},
{"title": "Sen. Kevin Cramer: Biden's pipeline to Putin \u2013 his decision puts American national security at risk", "time": "06/2021"},
{"title": "Hunter Biden-linked lobbying firm facing DOJ probe, report says", "time": "06/2021"},
{"title": "Netanyahu, facing ouster, claims his potential replacement can't stand up to Biden", "time": "06/2021"},
{"title": "UK removes Portugal from travel list over coronavirus variant concerns", "time": "06/2021"},
{"title": "China tries to keep elephant herd out of city of 7 million", "time": "06/2021"},
{"title": "Burisma-linked firm 'pitched' Ukrainian prosecutor 'access' to 2016 Clinton camp, Obama officials' emails show", "time": "06/2021"},
{"title": "Piers Morgan accuses Meghan Markle of \u2018downright lies\u2019 in new interview: \u2018I don\u2019t believe a word she says\u2019", "time": "06/2021"},
{"title": "Time to hold Putin accountable, go on offense against hackers: Gen. Keane", "time": "06/2021"},
{"title": "Russian fighter jet accompanies US military plane along Barents Sea: EUCOM", "time": "06/2021"},
{"title": "China's deadly Tiananmen crackdown remembered by hundreds in Hong Kong despite ban", "time": "06/2021"},
{"title": "Iranian ships round Cape of Good Hope for first time, possibly toward Venezuela: reports", "time": "06/2021"},
{"title": "Bipartisan House Problem Solvers Caucus formally endorses commission to investigate COVID-19 origins", "time": "06/2021"},
{"title": "San Francisco teachers' union gets pushback over BDS endorsement", "time": "06/2021"},
{"title": "Sen. Josh Hawley calls on Fauci to resign and for full investigation into COVID-19 origins", "time": "06/2021"},
{"title": "State Dept. emails show interagency infighting over probe into COVID-19 lab leak theory", "time": "06/2021"},
{"title": "Excessive heat is America's No. 1 weather killer", "time": "06/2021"},
{"title": "El Chapo's alleged top money launderer extradited to face conspiracy charges in US", "time": "06/2021"},
{"title": "Slain California firefighter's daughter wears his jacket at graduation", "time": "06/2021"},
{"title": "Chicago's police chief announces new community policing plan", "time": "06/2021"},
{"title": "Bride dies of heart attack at her wedding in India, so groom reportedly marries sister", "time": "06/2021"},
{"title": "Media fact-checkers, Facebook cited Wuhan lab-linked scientist to knock down lab leak theory", "time": "06/2021"},
{"title": "America 'best place in world' to be female, Black, gay, trans: Ayaan Hirsi Ali", "time": "06/2021"},
{"title": "Border Patrol denies agents in Texas exchanged gunfire with suspected smugglers", "time": "06/2021"},
{"title": "Trump effectively silenced on Facebook by former UK leftist leader: Douglas Murray", "time": "06/2021"},
{"title": "Mike Pompeo: Dr. Fauci 'saw everything I saw' about COVID origins, but came to a different conclusion", "time": "06/2021"},
{"title": "Tucker Carlson: Two-faced Fauci pushed draconian measures despite data", "time": "06/2021"},
{"title": "Greg Gutfeld: The Left loves to virtue signal, because non-action replaces real action", "time": "06/2021"},
{"title": "Laura Ingraham: This has been a blockbuster week, we've learned a lot about how our country really works", "time": "06/2021"},
{"title": "Hannity blasts Fauci: More interested in popularity among media friends than following science", "time": "06/2021"},
{"title": "Sen. Marco Rubio: If Biden believes in science, he must fire Fauci", "time": "06/2021"},
{"title": "Rain, flooding threaten to drench Gulf Coast states again", "time": "06/2021"},
{"title": "90% of sharks mysteriously wiped out nearly 20 million years ago: researchers", "time": "06/2021"},
{"title": "UK pub owner finds time capsule from the 1970s in the walls", "time": "06/2021"},
{"title": "Queen won't cut off Prince Harry for fear of his mental health: royal expert", "time": "06/2021"},
{"title": "Prince Edward jokingly shades Oprah Winfrey's interview with Meghan Markle, Prince Harry: 'Oprah who?'", "time": "06/2021"},
{"title": "Calls intensify for Biden administration to help save former Marine's life", "time": "06/2021"},
{"title": "Senate sergeant at arms says cyberattack a bigger threat than Jan. 6 repeat", "time": "06/2021"},
{"title": "US Air Force: WWII-era ordnance found in UK is largest haul on record", "time": "06/2021"},
{"title": "Bush nonprofit agreed to take $5 million from Chinese Communist Party-connected group: report", "time": "06/2021"},
{"title": "Senators to visit Taiwan as tensions with China escalate", "time": "06/2021"},
{"title": "Twitter declares access to its platform a 'human right' amid censorship of conservatives", "time": "06/2021"},
{"title": "Iran loses voting rights at UN after failing to pay dues", "time": "06/2021"},
{"title": "Biden, Harris packing their bags this week for first foreign trips since taking office", "time": "06/2021"},
{"title": "Lisa Boothe: Schools 'already teaching racism...and now we have them teaching anti-Semitism'", "time": "06/2021"},
{"title": "NASA chief Bill Nelson optimistic about space exploration as private sector, government combine efforts", "time": "06/2021"},
{"title": "Meghan Markle reportedly due on Prince Philip's birthday", "time": "06/2021"},
{"title": "Guatemala President Alejandro Giammattei: What we know", "time": "06/2021"},
{"title": "Meghan, Harry welcome baby girl named in honor of Queen Elizabeth, Princess Diana", "time": "06/2021"},
{"title": "China plans to build more bio labs amid scrutiny in Wuhan", "time": "06/2021"},
{"title": "Meghan Markle, Prince Harry say they 'were blessed' with their daughter's birth", "time": "06/2021"},
{"title": "Callista and Newt Gingrich: Remembering D-Day \u2013 they risked everything in biggest gamble of World War II", "time": "06/2021"},
{"title": "Liz Peek: China's COVID lies, cover-up \u2013 here are the appalling facts we know, and why they should pay", "time": "06/2021"},
{"title": "Kamala Harris\u2019 diplomatic trip to Latin America gets off to bumpy start as plane forced to turn around", "time": "06/2021"},
{"title": "\u2018Damning\u2019 science shows COVID-19 likely engineered in lab: experts", "time": "06/2021"},
{"title": "Pompeo: Wuhan lab theory wasn't the 'politically correct thing' to say last year", "time": "06/2021"},
{"title": "Pakistan train collision: 2 trains crash killing at least 25", "time": "06/2021"},
{"title": "Last of Soviet soldiers who liberated Auschwitz dies at 98", "time": "06/2021"},
{"title": "Prince William, Kate Middleton sent Meghan Markle, Prince Harry a gift for Lilibet Diana: report", "time": "06/2021"},
{"title": "India cautiously starts to open up as coronavirus cases decline", "time": "06/2021"},
{"title": "68 GOP members send letter to Biden admin slamming POTUS for waiving Nord Stream 2 Pipeline sanctions", "time": "06/2021"},
{"title": "Putin signs law ending Russia\u2019s Open Skies treaty with the US", "time": "06/2021"},
{"title": "Texas suspect's neighbor heard \u2018loud scratching\u2019 days before boy\u2019s body found", "time": "06/2021"},
{"title": "Meghan Markle\u2019s estranged father Thomas breaks silence after duchess gives birth to daughter Lilibet Diana", "time": "06/2021"},
{"title": "Meghan Markle, Prince Harry\u2019s daughter's name Lilibet is \u2018rude,' royal expert claims", "time": "06/2021"},
{"title": "British Royal Family congratulate Meghan Markle, Prince Harry on birth of daughter Lili", "time": "06/2021"},
{"title": "Meghan Markle, Prince Harry taking parental leave, asking for donations after Lilibet Diana's birth", "time": "06/2021"},
{"title": "UN nuclear watchdog: Recent North Korea activity a \u2018serious concern\u2019", "time": "06/2021"},
{"title": "House Dem to Blinken on Hamas attacks: 'Every one of these rockets was a war crime'", "time": "06/2021"},
{"title": "Mexico midterm elections see severed heads, grenades, poll worker murders", "time": "06/2021"},
{"title": "Australian airline Qantas 'disturbed' by reports of gangs infiltration, drug trafficking", "time": "06/2021"},
{"title": "Holocaust survivor speaks out against rising hate crimes, says BLM anti-Semitic", "time": "06/2021"},
{"title": "Biden assures Zelensky he will 'stand up firmly' for Ukraine's sovereignty in Putin summit", "time": "06/2021"},
{"title": "New dinosaur species is largest found in Australia, scientists say", "time": "06/2021"},
{"title": "Prince Harry asked Queen Elizabeth for permission to name baby Lilibet", "time": "06/2021"},
{"title": "Ilhan Omar says America, like Hamas and the Taliban, has committed 'unthinkable atrocities'", "time": "06/2021"},
{"title": "Tokyo Olympics fiasco: Many in Japan say games will continue despite widespread opposition", "time": "06/2021"},
{"title": "Charlie Kirk: 'Guilt is the driver of our politics' since we 'removed the mechanics of Christianity'", "time": "06/2021"},
{"title": "Mexican President Andr\u00e9s Manuel L\u00f3pez Obrador: What we know", "time": "06/2021"},
{"title": "China's 'massive cover-up' on COVID still happening: WHO advisory board member", "time": "06/2021"},
{"title": "Nord Stream lobbyists helped whip support for Blinken during nomination", "time": "06/2021"},
{"title": "Meghan Markle, Prince Harry's daughter Lilibet Diana featured in duchess' children's book 'The Bench", "time": "06/2021"},
{"title": "Richard Grenell blasts Politico's Toosi as 'Democrat activist' in Twitter battle over Russia pipeline", "time": "06/2021"},
{"title": "Mixed city of Arabs and Jews remains on edge after violence", "time": "06/2021"},
{"title": "Jewish Insider says Obama 'avoided' questions on Israel, Middle East for written interview", "time": "06/2021"},
{"title": "Meghan Markle, Prince Harry\u2019s child Lili isn\u2019t the first member of the royal family to be born in America", "time": "06/2021"},
{"title": "Canada hate crime driver who killed 4 members of Muslim family targeted them over faith: cops", "time": "06/2021"},
{"title": "Palestinian president pays $42k to family of terrorist who killed Israelis after Biden restarted aid: report", "time": "06/2021"},
{"title": "Woman in coma after crocodile attack, twin sister hospitalized in Mexico", "time": "06/2021"},
{"title": "Sarah Everard murder case: UK police officer pleads guilty to rape, kidnap", "time": "06/2021"},
{"title": "Mike Gallagher: The left is 'getting very good at bashing America,\u2019 but hesitant to criticize China", "time": "06/2021"},
{"title": "Republicans pan 'incomplete' Schumer-sponsored China bill, but likely to reluctantly go along", "time": "06/2021"},
{"title": "Man slaps French President Emmanuel Macron across the face, video shows", "time": "06/2021"},
{"title": "Russian sailors rescue stranded dog from Arctic ice", "time": "06/2021"},
{"title": "Prince Charles speaks out about birth of Prince Harry, Meghan Markle's daughter Lilibet: 'Such happy news'", "time": "06/2021"},
{"title": "Satellite images of Iran nuclear site raise alarms as IAEA meets in Vienna", "time": "06/2021"},
{"title": "Inside the FBI cellphone scheme that took down gangs across the globe", "time": "06/2021"},
{"title": "Israeli ambassador: Hamas was using Associated Press building to jam Iron Dome technology", "time": "06/2021"},
{"title": "Meghan Markle dedicates \u2018The Bench\u2019 to Prince Harry and Archie: They \u2018make my heart go pump-pump\u2019", "time": "06/2021"},
{"title": "Top House Republicans urge Biden to create strategy to combat China's nuclear build-up", "time": "06/2021"},
{"title": "Tucker Carlson: Mainstream media thinks Kamala Harris is a god, Latin America disagrees", "time": "06/2021"},
{"title": "Woman finds rare, 19th century porcelain doll on Scottish beach", "time": "06/2021"},
{"title": "Missing UK woman Sarm Heslop has now been gone 3 months; lack of updates 'excruciating,' friends say", "time": "06/2021"},
{"title": "Anti-racism icon Adam Goodes rejects Hall of Fame invitation", "time": "06/2021"},
{"title": "Afghanistan attack on anti-land mine charity kills at least 10, wounds 14", "time": "06/2021"},
{"title": "Bus with migrant workers collides with van in India; 17 dead", "time": "06/2021"},
{"title": "Biden to face global challenges from China, Russia as he departs for first foreign trip", "time": "06/2021"},
{"title": "Denver police ID fan suspected of hurling can at Team USA's Gio Reyna's head as Pablo Ibarra Fuentes", "time": "06/2021"},
{"title": "Australian baseball team withdraws from Olympic qualifying", "time": "06/2021"},
{"title": "Left-wing climate group Sunrise Movement torn by internal division", "time": "06/2021"},
{"title": "George and Amal Clooney return to Italy with twins: report", "time": "06/2021"},
{"title": "Colorado firefighter shot in the leg after defending homeless man from group of people: police", "time": "06/2021"},
{"title": "Meghan Markle, Prince Harry\u2019s children will inherit royal titles when Prince Charles becomes king: report", "time": "06/2021"},
{"title": "Canadian gender-reveal party sparks wildfire, couple fined $500", "time": "06/2021"},
{"title": "White House press corps flight to UK delayed for hours by cicadas", "time": "06/2021"},
{"title": "Hannity Exclusive: Guatemalan president chides Biden administration for mixed messaging", "time": "06/2021"},
{"title": "Biden warns climate change is 'greatest threat' to US security: 'This is not a joke'", "time": "06/2021"},
{"title": "Meghan Markle, Prince Harry\u2019s spokesperson says Queen Elizabeth was \u2018supportive\u2019 of Lilibet\u2019s name", "time": "06/2021"},
{"title": "Hannity 'fears' Putin will 'eat Joe's lunch' during upcoming summit", "time": "06/2021"},
{"title": "Kamala Harris has gone 78 days without visit to border since being tapped for crisis role", "time": "06/2021"},
{"title": "Ted Cruz: Biden administration has 'litany of foreign policy disasters' in just five months", "time": "06/2021"},
{"title": "Tucker Carlson: Americans should apply for asylum in El Salvador, it's safer than Baltimore and Chicago", "time": "06/2021"},
{"title": "WHO advisory board member: I'm a progressive Dem who was called a 'right-wing nut' over Wuhan lab leak theory", "time": "06/2021"}
]